outcome,group,HS_Black_coef,HS_Black_se,HS_NonBlack_coef,HS_NonBlack_se,p_group_eq_nongroup,p_HS_eq_Pre_group,p_HS_eq_Pre_nongroup,R2_within,N,HS_Male_coef,HS_Male_se,HS_NonMale_coef,HS_NonMale_se,HS_lowAFQT_coef,HS_lowAFQT_se,HS_NonlowAFQT_coef,HS_NonlowAFQT_se
col5_NontestIndex,Black,0.34980309548915856,0.1209307245899656,0.17883993362849357,0.11072809381827943,0.2934105689278449,0.5042762612736622,0.6964966834724866,0.1353169632012292,1251,,,,,,,,
col5_NontestIndex,Male,,,,,0.13661124181709172,0.2732522477379132,0.7812382573799836,0.1365460932503707,1251,0.39036742876651587,0.12351359606136239,0.14602543917313784,0.10830867903898243,,,,
col5_NontestIndex,lowAFQT,,,,,0.021020462420780556,0.10752321597814758,0.6698883455741491,0.14251019297280654,1251,,,,,0.5342969544169385,0.1562714548909408,0.12184820073162943,0.09157049134487251
col6_LongTermIndex,Black,0.2769244031714822,0.10462959782654789,0.21523567194590582,0.10259612731237278,0.6750140649196441,0.18129792928606117,0.21943494846853237,0.12535069431710144,1251,,,,,,,,
col6_LongTermIndex,Male,,,,,0.44631729529573516,0.1156166120456976,0.27891242854902437,0.1270345124585638,1251,0.1865839643937952,0.10615202632383916,0.30417446737670467,0.10619867524146825,,,,
col6_LongTermIndex,lowAFQT,,,,,0.413097184738631,0.1627524197997609,0.22994474551694166,0.1260060043981288,1251,,,,,0.32586374975798343,0.11780863431792407,0.20516677983882078,0.09125615089872724
