,,PermInc,PermInc,PermInc,MomDropout,MomDropout,MomDropout,MomSomeColl,MomSomeColl,MomSomeColl,AgeAFQT_std,AgeAFQT_std,AgeAFQT_std,HighGrade_GMom79,HighGrade_GMom79,HighGrade_GMom79
,,mean,std,count,mean,std,count,mean,std,count,mean,std,count,mean,std,count
,PreK,,,,,,,,,,,,,,,
Full_sample,1.0,26830.537,19096.84994060581,426,0.5140845070422535,0.5003892436840521,426,0.22300469483568075,0.4167508890300276,426,-0.45946997,0.72441983,392,8.505076,3.4730844,394
Full_sample,2.0,53482.67,48056.65387326123,838,0.19331742243436753,0.39513556127852695,838,0.4009546539379475,0.49038452748746403,838,0.19832525,0.85248095,790,10.677216,2.9024463,790
Full_sample,3.0,35121.227,23552.003604681708,1648,0.451278928136419,0.4977721936435629,1642,0.21254567600487212,0.4092334349866449,1642,-0.24375379,0.854758,1503,9.3093815,3.4524677,1503
FE_subsample,1.0,27417.87,21819.724609375,265,0.5358490566037736,0.4996568290604645,265,0.15849056603773584,0.36589137849590414,265,-0.49013817,0.70840067,250,8.454545,3.4569073,242
FE_subsample,2.0,42399.2,24485.806640625,359,0.25348189415041783,0.43561151915552365,359,0.30362116991643456,0.46046276358198035,359,-0.014386613,0.8252804,335,10.199405,3.1573842,336
FE_subsample,3.0,36175.582,24557.318359375,591,0.3993231810490694,0.49017418085857223,591,0.22504230118443316,0.41796393880307436,591,-0.22754058,0.8191035,558,9.604089,3.3366847,538
