outcome,group,HS_Black_coef,HS_Black_se,HS_NonBlack_coef,HS_NonBlack_se,p_group_eq_nongroup,p_HS_eq_Pre_group,p_HS_eq_Pre_nongroup,R2_within,N,HS_Male_coef,HS_Male_se,HS_NonMale_coef,HS_NonMale_se,HS_lowAFQT_coef,HS_lowAFQT_se,HS_NonlowAFQT_coef,HS_NonlowAFQT_se
col5_NontestIndex,Black,0.26314344983651516,0.14880180792582212,0.052916797225543606,0.1410869414571513,0.29931756154608524,0.3547128798995216,0.43482204063700036,0.1656026958367508,994,,,,,,,,
col5_NontestIndex,Male,,,,,0.6120334618266112,0.9028199247310974,0.7348510812653314,0.1623848097979932,994,0.11668310474859474,0.15905243108534953,0.22153129852803288,0.13637762310130877,,,,
col5_NontestIndex,lowAFQT,,,,,0.2358768016212029,0.10387251176443597,0.6835478263142973,0.1720696913129559,994,,,,,0.5123141819541729,0.318437857225773,0.11801147656121486,0.10873355020233953
col6_LongTermIndex,Black,0.2992173954014211,0.13445385528646192,0.18134882743810013,0.13739499884376521,0.5282854291156698,0.12166552867775957,0.41197321921345864,0.14831295425512692,994,,,,,,,,
col6_LongTermIndex,Male,,,,,0.1784089325227813,0.12045663144834025,0.3487115648715122,0.15471293029511912,994,0.11782195603712901,0.13841384016191402,0.3585992585111062,0.129040275654128,,,,
col6_LongTermIndex,lowAFQT,,,,,0.2373056787664351,0.30177537291702755,0.17130319820218148,0.14887979654484507,994,,,,,0.4438790902416617,0.1706203402249831,0.2150367537468772,0.10792371414738718
