outcome,group,HS_Black_coef,HS_Black_se,HS_NonBlack_coef,HS_NonBlack_se,p_group_eq_nongroup,p_HS_eq_Pre_group,p_HS_eq_Pre_nongroup,R2_within,N,HS_Male_coef,HS_Male_se,HS_NonMale_coef,HS_NonMale_se,HS_lowAFQT_coef,HS_lowAFQT_se,HS_NonlowAFQT_coef,HS_NonlowAFQT_se
col5_NontestIndex,Black,-0.18068295815238794,0.29560265914441664,0.22326443477081248,0.1876641993983492,0.17001140110316426,0.4734290752387964,0.9260072258963152,0.30082017073562994,436,,,,,,,,
col5_NontestIndex,Male,,,,,0.25813885821165716,0.09491148737551958,0.7528036875467486,0.3057913827076941,436,-0.2018548766965249,0.2626525278956302,0.19280604649699307,0.2619015014282624,,,,
col5_NontestIndex,lowAFQT,,,,,0.17288525225139126,0.8231677235063238,0.397287147352696,0.29985831571197896,436,,,,,0.38511382690531326,0.32420748368978874,-0.05103219859315554,0.21678673548036265
col6_LongTermIndex,Black,0.1948974348195069,0.20966485195253576,0.3867525945088913,0.22383458632402775,0.49008177336546443,0.15008702217220007,0.6177471601205289,0.3538767946083765,436,,,,,,,,
col6_LongTermIndex,Male,,,,,0.5984860343379775,0.7002867106682282,0.3109254076504429,0.3457151029585831,436,0.23832459273440043,0.26666968854814843,0.4145852919009859,0.20574643216607508,,,,
col6_LongTermIndex,lowAFQT,,,,,0.5762447758610318,0.27417190915673906,0.32788056131232823,0.3487652180814438,436,,,,,0.17495223439888014,0.3321644529094127,0.37247982210823805,0.17644585402019017
