outcome,group,HS_Black_coef,HS_Black_se,HS_NonBlack_coef,HS_NonBlack_se,p_group_eq_nongroup,p_HS_eq_Pre_group,p_HS_eq_Pre_nongroup,R2_within,N,HS_Male_coef,HS_Male_se,HS_NonMale_coef,HS_NonMale_se,HS_lowAFQT_coef,HS_lowAFQT_se,HS_NonlowAFQT_coef,HS_NonlowAFQT_se
col5_NontestIndex,Black,-0.18560647910674002,0.1961332157413649,0.19073900853456532,0.24873440988152554,0.23493552887858501,0.18007990054097697,0.2585251902593215,0.3048638236850272,494,,,,,,,,
col5_NontestIndex,Male,,,,,0.4727814945126513,0.8530809810840536,0.9474846401999717,0.2945184414248877,494,-0.2146698538618674,0.2775957248563565,0.08506004139260431,0.23957924664108163,,,,
col5_NontestIndex,lowAFQT,,,,,0.37642024398370677,0.33877293059595004,0.4849435994929093,0.29896229977140265,494,,,,,0.2255751259349781,0.3721287916424657,-0.14652878396045976,0.17642240196707826
col6_LongTermIndex,Black,0.19122688022369713,0.20536488850214707,0.4460589689742067,0.20262611076280926,0.3673521399125349,0.8262877297396871,0.07610977325276652,0.2725387245720795,494,,,,,,,,
col6_LongTermIndex,Male,,,,,0.9049014998495782,0.19201630561300162,0.994988929736906,0.2703473336427199,494,0.2967827122290106,0.22628159434411965,0.2542368303818604,0.23191801850196744,,,,
col6_LongTermIndex,lowAFQT,,,,,0.21148511867749822,0.31170746279169587,0.6084194317378837,0.2726240864792273,494,,,,,0.6669714421974446,0.359086280509873,0.17995762402219173,0.15579861624818933
