outcome,group,HS_Black_coef,HS_Black_se,HS_NonBlack_coef,HS_NonBlack_se,p_group_eq_nongroup,p_HS_eq_Pre_group,p_HS_eq_Pre_nongroup,R2_within,N,HS_Male_coef,HS_Male_se,HS_NonMale_coef,HS_NonMale_se,HS_lowAFQT_coef,HS_lowAFQT_se,HS_NonlowAFQT_coef,HS_NonlowAFQT_se
col5_NontestIndex,Black,0.34980309548915783,0.12093072458996512,0.1788399336284928,0.11072809381827872,0.2934105689278324,0.5042762612736622,0.6964966834724866,0.1353169632012292,1251,,,,,,,,
col5_NontestIndex,Male,,,,,0.13661124181709172,0.2732522477379132,0.7812382573799836,0.1365460932503706,1251,0.3903674287665151,0.12351359606136224,0.1460254391731385,0.10830867903898185,,,,
col5_NontestIndex,lowAFQT,,,,,0.021020462420780556,0.10752321597814758,0.6698883455741491,0.14251019297280654,1251,,,,,0.5342969544169379,0.15627145489093996,0.12184820073163018,0.09157049134487301
col6_LongTermIndex,Black,0.27692440317148165,0.10462959782654742,0.21523567194590512,0.10259612731237207,0.6750140649196441,0.18129792928606117,0.21943494846853237,0.12535069431710155,1251,,,,,,,,
col6_LongTermIndex,Male,,,,,0.4463172952957851,0.1156166120456976,0.27891242854902437,0.1270345124585638,1251,0.1865839643937951,0.10615202632383898,0.3041744673767037,0.10619867524146762,,,,
col6_LongTermIndex,lowAFQT,,,,,0.4130971847386754,0.16275241979974112,0.22994474551694166,0.12600600439812892,1251,,,,,0.3258637497579829,0.11780863431792356,0.20516677983882145,0.09125615089872784
